[{"model": "admin.logentry", "pk": 1, "fields": {"action_time": "2021-10-05T21:19:04.490Z", "user": 1, "content_type": 7, "object_id": "1", "object_repr": "posterart.example.com", "action_flag": 2, "change_message": "[{\"changed\": {\"fields\": [\"Domain name\", \"Display name\"]}}]"}}, {"model": "admin.logentry", "pk": 2, "fields": {"action_time": "2021-10-05T22:55:33.131Z", "user": 1, "content_type": 8, "object_id": "2", "object_repr": "ryan1995@someemail.com", "action_flag": 1, "change_message": "[{\"added\": {}}]"}}, {"model": "admin.logentry", "pk": 3, "fields": {"action_time": "2021-10-05T22:55:53.280Z", "user": 1, "content_type": 8, "object_id": "1", "object_repr": "ryan1995@email.com", "action_flag": 2, "change_message": "[{\"changed\": {\"fields\": [\"Verified\", \"Primary\"]}}]"}}, {"model": "admin.logentry", "pk": 4, "fields": {"action_time": "2021-10-27T15:59:08.386Z", "user": 1, "content_type": 15, "object_id": "1", "object_repr": "717CD9B932114CA7BE4BD423936BF94F", "action_flag": 3, "change_message": ""}}, {"model": "admin.logentry", "pk": 5, "fields": {"action_time": "2021-10-27T16:02:41.739Z", "user": 1, "content_type": 15, "object_id": "2", "object_repr": "B85715D673884BFF8FEE9D5986172C3F", "action_flag": 2, "change_message": "[{\"changed\": {\"name\": \"order line item\", \"object\": \"SKU gdnum13 on order B85715D673884BFF8FEE9D5986172C3F\", \"fields\": [\"Quantity\"]}}]"}}, {"model": "admin.logentry", "pk": 6, "fields": {"action_time": "2021-10-27T16:03:11.548Z", "user": 1, "content_type": 15, "object_id": "2", "object_repr": "B85715D673884BFF8FEE9D5986172C3F", "action_flag": 2, "change_message": "[{\"deleted\": {\"name\": \"order line item\", \"object\": \"SKU fmnum30 on order B85715D673884BFF8FEE9D5986172C3F\"}}]"}}, {"model": "admin.logentry", "pk": 7, "fields": {"action_time": "2021-10-27T16:03:44.889Z", "user": 1, "content_type": 15, "object_id": "2", "object_repr": "B85715D673884BFF8FEE9D5986172C3F", "action_flag": 2, "change_message": "[{\"deleted\": {\"name\": \"order line item\", \"object\": \"SKU gdnum13 on order B85715D673884BFF8FEE9D5986172C3F\"}}, {\"deleted\": {\"name\": \"order line item\", \"object\": \"SKU cenum26 on order B85715D673884BFF8FEE9D5986172C3F\"}}]"}}, {"model": "admin.logentry", "pk": 8, "fields": {"action_time": "2021-10-27T16:04:00.090Z", "user": 1, "content_type": 15, "object_id": "2", "object_repr": "B85715D673884BFF8FEE9D5986172C3F", "action_flag": 3, "change_message": ""}}, {"model": "admin.logentry", "pk": 9, "fields": {"action_time": "2021-10-29T09:31:30.526Z", "user": 1, "content_type": 18, "object_id": "1", "object_repr": "Post object (1)", "action_flag": 1, "change_message": "[{\"added\": {}}]"}}, {"model": "admin.logentry", "pk": 10, "fields": {"action_time": "2021-10-29T09:37:50.126Z", "user": 1, "content_type": 18, "object_id": "2", "object_repr": "Post object (2)", "action_flag": 1, "change_message": "[{\"added\": {}}]"}}, {"model": "admin.logentry", "pk": 11, "fields": {"action_time": "2021-10-29T13:57:02.587Z", "user": 1, "content_type": 18, "object_id": "2", "object_repr": "The Best Digital Art Software", "action_flag": 2, "change_message": "[{\"changed\": {\"fields\": [\"Body\"]}}]"}}, {"model": "admin.logentry", "pk": 12, "fields": {"action_time": "2021-10-29T20:11:07.899Z", "user": 1, "content_type": 14, "object_id": "39", "object_repr": "justice", "action_flag": 3, "change_message": ""}}, {"model": "admin.logentry", "pk": 13, "fields": {"action_time": "2021-10-29T20:11:07.929Z", "user": 1, "content_type": 14, "object_id": "38", "object_repr": "Newline", "action_flag": 3, "change_message": ""}}, {"model": "admin.logentry", "pk": 14, "fields": {"action_time": "2021-10-29T21:27:50.303Z", "user": 1, "content_type": 18, "object_id": "4", "object_repr": "How to create stunning gradient effects", "action_flag": 3, "change_message": ""}}, {"model": "admin.logentry", "pk": 15, "fields": {"action_time": "2021-10-29T21:27:50.338Z", "user": 1, "content_type": 18, "object_id": "3", "object_repr": "Test your digital art skills", "action_flag": 3, "change_message": ""}}, {"model": "auth.user", "pk": 1, "fields": {"password": "pbkdf2_sha256$260000$ZNOWgXMMX6Rgn4TpLjzrFy$sCBI9oEgtZFJ6IvTd5F3cE2G8DHZ69FuQUKBhJI8Kjw=", "last_login": "2021-10-29T16:22:53.177Z", "is_superuser": true, "username": "ryan1995", "first_name": "", "last_name": "", "email": "ryan1995@email.com", "is_staff": true, "is_active": true, "date_joined": "2021-10-05T21:01:55.122Z", "groups": [], "user_permissions": []}}, {"model": "auth.user", "pk": 2, "fields": {"password": "pbkdf2_sha256$260000$1e6nFWNGbkCPIgK57I3Ea0$DV6n2M39TqTlr7wBjay7IfXS2Lj86d3h54PKzBkx57c=", "last_login": "2021-10-28T20:32:04.832Z", "is_superuser": false, "username": "test123", "first_name": "", "last_name": "", "email": "test@gmail.com", "is_staff": false, "is_active": true, "date_joined": "2021-10-28T20:30:46.484Z", "groups": [], "user_permissions": []}}, {"model": "sessions.session", "pk": "05k1ylqg2q9z2bfyg5j0lb7jgnmiatpy", "fields": {"session_data": ".eJxVjDkOg0AUQ-_ya4SYjZlQps8Z0F9mgCQCiaVC3D0QKJLGlvxsr1DjMrf1MsWx7gQqUJD9ZoT8iv0B5Il9M-Q89PPYUX5U8otO-WOQ-L5f3b-DFqd2X6M3nrS1RWmjjUEZZNHasAQuktzIJYuudIZTIFbeBCoDioueEglbvZ8SNlCtoBxUKgNlv6ZPPTNd7LZtH-SGQTs:1mdVyS:Ixh_QmsnHPM_rDmcIZQXBUDkOU_slcFkU4JObkBY6pg", "expire_date": "2021-11-04T11:11:04.120Z"}}, {"model": "sessions.session", "pk": "5apc80bvszjy3ngqxcdzk6qaevsabd2d", "fields": {"session_data": "eyJiYWciOnsiMSI6eyJpdGVtc19ieV9zaXplIjp7IkEzIjoxfX19fQ:1meyqf:4srT4fKZXRbmPkpfMIZ9Ny3eir-1m_bdMDfkSIGA9Vw", "expire_date": "2021-11-08T12:13:05.971Z"}}, {"model": "sessions.session", "pk": "7c7puf5zqq869sdmnjxigin6ifzu4vzf", "fields": {"session_data": ".eJx9jDsOgzAQBe_iOkL4h510SZ8zWLtrG5wPSBiKBHH3YImGJs0WM_N2YQgtuyyMq3LTFN7Z4cfl9A0FXDfM1_XEhP7nt8DBPHVuzmF0ybML4-zAEOgZ-iL8A_p2qGjopzFhVZJqt7m6Dz68bnt7eNBB7rY1GGlQKFU3KqhguQTyQkjyluroz6ijAt1oSdEicSMtNha8DgYjelKCrT9m2E9e:1mfSh4:f78u26icmPtd29shDuiJT4zIDi1ERWn6Y2TzG5CE8Fc", "expire_date": "2021-11-09T20:05:10.997Z"}}, {"model": "sessions.session", "pk": "9bjsugt9ipm2e8zlnuc9cy5kxpmfrs2m", "fields": {"session_data": "e30:1mgAyi:kFFi1tzdGD88OUGuEcLNhogSrlR3xMRNM8IXLiCsquM", "expire_date": "2021-11-11T19:22:20.708Z"}}, {"model": "sessions.session", "pk": "hmraol6sw8nyjpzjk2nopt4y7s95m1sr", "fields": {"session_data": "eyJiYWciOnsiMjAiOnsiaXRlbXNfYnlfc2l6ZSI6eyJBNCI6MX19fX0:1mgAxi:QZsPE0AjXH724go6h6YEEk1BXZwQy_nAkJeYUB5_OWg", "expire_date": "2021-11-11T19:21:18.983Z"}}, {"model": "sessions.session", "pk": "ijolnstjuic8aoqr76gu6xjvc34ecue8", "fields": {"session_data": "e30:1mgcOE:DpjWTb5UUadAEQZR5Z-zzbL3b1V0pWky5e2gbvH-WSw", "expire_date": "2021-11-13T00:38:30.543Z"}}, {"model": "sessions.session", "pk": "oaru8u4wsy96asqzmj579ebqa6a56he3", "fields": {"session_data": "e30:1mgB70:EoeAwZ5glhucDI5RXCobXpwbm9acvMLlaVpH_MCwD-0", "expire_date": "2021-11-11T19:30:54.367Z"}}, {"model": "sessions.session", "pk": "oir3a32on7bho7jq6tpqg7e0223qp8tz", "fields": {"session_data": "e30:1mgAd3:IQfLgDj3SAQI_jhNEQptAilz0eatUtMlHyci3GLHlqI", "expire_date": "2021-11-11T18:59:57.520Z"}}, {"model": "sessions.session", "pk": "sr98hb3y0cd74h0ciwuhuygjxbaqmo2m", "fields": {"session_data": ".eJyrVkpKTFeyqlYyAhGZJam5xfFJlfHFmVWpIAFHEyUrQx0lR6CsYW2tjpKRBXZlEPnaWgDOHxi5:1mdWjg:VUR41ScANALonPqGvanjbqf4qpomoLo2Iv_IaXfp4g4", "expire_date": "2021-11-04T11:59:52.105Z"}}, {"model": "sessions.session", "pk": "tpbf3bllfv2c8ouvfh86tbhw1istijl6", "fields": {"session_data": "e30:1mgB62:mxaedrVCZy4Tqn0I6v_WNtCol-OzeX1J882jO3X-PlI", "expire_date": "2021-11-11T19:29:54.127Z"}}, {"model": "sessions.session", "pk": "yz4iig49m3v6suo3vbj6753mz0r2ihhe", "fields": {"session_data": ".eJxVjsEOgjAQRP-lZ9MU2iJw9O43NNvdRaqmJS0kGuO_C4aDZm4zbybzEg6WeXRL4ewCiV5U4vDrecAbxy2gK8RLkpjinIOXGyL3tMhzIr6fdvZvYIQyru0BLXbYsUWPvuJWWaMMtKZR6A1SDYbQAjR4JD2AAr0KtNVkDTdt_X1VuJSQouPHFPJT9Or9Ac6NQA0:1mXtMu:lPr8k6hn4_3_zp6ky5EXUa-x47geMSuwkaA356JsOIU", "expire_date": "2021-10-19T22:57:04.411Z"}}, {"model": "sites.site", "pk": 1, "fields": {"domain": "posterart.example.com", "name": "Poster Art"}}, {"model": "account.emailaddress", "pk": 1, "fields": {"user": 1, "email": "ryan1995@email.com", "verified": true, "primary": true}}, {"model": "account.emailaddress", "pk": 2, "fields": {"user": 1, "email": "ryan1995@someemail.com", "verified": true, "primary": true}}, {"model": "account.emailaddress", "pk": 3, "fields": {"user": 2, "email": "test@gmail.com", "verified": true, "primary": true}}, {"model": "products.category", "pk": 1, "fields": {"name": "liguify", "friendly_name": "Liquify"}}, {"model": "products.category", "pk": 2, "fields": {"name": "cubism", "friendly_name": "Cubism"}}, {"model": "products.category", "pk": 3, "fields": {"name": "gradients", "friendly_name": "Gradients"}}, {"model": "products.category", "pk": 4, "fields": {"name": "geometric", "friendly_name": "Geometric"}}, {"model": "products.category", "pk": 5, "fields": {"name": "collage", "friendly_name": "Collage"}}, {"model": "products.category", "pk": 6, "fields": {"name": "frames", "friendly_name": "Frames"}}, {"model": "products.category", "pk": 7, "fields": {"name": "new_arrivals", "friendly_name": "New Arrivals"}}, {"model": "products.product", "pk": 1, "fields": {"category": 1, "sku": "lynum1", "name": "Sunset", "description": "Stunning Liguify art to add some colour to your home.  Printed on Canson Baryta Fine Art Paper.  Please note: Posters are unframed", "size": null, "price": "16.99", "image": "liquify-sunset.jpg"}}, {"model": "products.product", "pk": 2, "fields": {"category": 1, "sku": "lynum2", "name": "Oil Leak", "description": "Stunning Liguify art to add some colour to your home.  Printed on Canson Baryta Fine Art Paper.  Please note: Posters are unframed", "size": null, "price": "16.00", "image": "liquify-oil.jpg"}}, {"model": "products.product", "pk": 3, "fields": {"category": 1, "sku": "lynum3", "name": "The Field", "description": "Stunning Liguify art to add some colour to your home.  Printed on Canson Baryta Fine Art Paper.  Please note: Posters are unframed", "size": null, "price": "16.00", "image": "liquify-the-field.jpg"}}, {"model": "products.product", "pk": 4, "fields": {"category": 1, "sku": "lynum4", "name": "Elements", "description": "Stunning Liguify art to add some colour to your home.  Printed on Canson Baryta Fine Art Paper.  Please note: Posters are unframed", "size": null, "price": "16.00", "image": "liquify-elements.jpg"}}, {"model": "products.product", "pk": 5, "fields": {"category": 1, "sku": "lynum5", "name": "The Canyon", "description": "Stunning Liguify art to add some colour to your home.  Printed on Canson Baryta Fine Art Paper.  Please note: Posters are unframed", "size": null, "price": "16.00", "image": "liguify-canyon.jpg"}}, {"model": "products.product", "pk": 6, "fields": {"category": 1, "sku": "lynum6", "name": "Coral Reef", "description": "Stunning Liguify art to add some colour to your home.  Printed on Canson Baryta Fine Art Paper.  Please note: Posters are unframed", "size": null, "price": "16.00", "image": "liquify-coral.jpg"}}, {"model": "products.product", "pk": 7, "fields": {"category": 2, "sku": "cmnum7", "name": "Japan", "description": "Stunning Cubism art to add some colour to your home.  Printed on Canson Baryta Fine Art Paper.  Please note: Posters are unframed", "size": null, "price": "16.00", "image": "cubism-japan.jpg"}}, {"model": "products.product", "pk": 8, "fields": {"category": 2, "sku": "cmnum8", "name": "Pipeline", "description": "Stunning Cubism art to add some colour to your home.  Printed on Canson Baryta Fine Art Paper.  Please note: Posters are unframed", "size": null, "price": "16.00", "image": "cubism-pipeline.jpg"}}, {"model": "products.product", "pk": 9, "fields": {"category": 2, "sku": "cmnum9", "name": "Sunrise", "description": "Stunning Cubism art to add some colour to your home.  Printed on Canson Baryta Fine Art Paper.  Please note: Posters are unframed", "size": null, "price": "16.00", "image": "cubism-sunrise.jpg"}}, {"model": "products.product", "pk": 10, "fields": {"category": 2, "sku": "cmnum10", "name": "The Window", "description": "Stunning Cubism art to add some colour to your home.  Printed on Canson Baryta Fine Art Paper.  Please note: Posters are unframed", "size": null, "price": "16.00", "image": "cubism-window.jpg"}}, {"model": "products.product", "pk": 11, "fields": {"category": 2, "sku": "cmnum11", "name": "Forest Fire", "description": "Stunning Cubism art to add some colour to your home.  Printed on Canson Baryta Fine Art Paper.  Please note: Posters are unframed", "size": null, "price": "16.00", "image": "cubism-forrest-fire.jpg"}}, {"model": "products.product", "pk": 12, "fields": {"category": 2, "sku": "cmnum12", "name": "The Reveal", "description": "Stunning Cubism art to add some colour to your home.  Printed on Canson Baryta Fine Art Paper.  Please note: Posters are unframed", "size": null, "price": "16.00", "image": "cubism-gender.jpg"}}, {"model": "products.product", "pk": 13, "fields": {"category": 3, "sku": "gdnum13", "name": "Cuba", "description": "Stunning Gradient art to add some colour to your home.  Printed on Canson Baryta Fine Art Paper.  Please note: Posters are unframed", "size": null, "price": "16.00", "image": "gradient-cuba.jpg"}}, {"model": "products.product", "pk": 14, "fields": {"category": 3, "sku": "gdnum14", "name": "Flower", "description": "Stunning Gradient art to add some colour to your home.  Printed on Canson Baryta Fine Art Paper.  Please note: Posters are unframed", "size": null, "price": "16.00", "image": "gradient-flower.jpg"}}, {"model": "products.product", "pk": 15, "fields": {"category": 3, "sku": "gdnum15", "name": "Rainbow", "description": "Stunning Gradient art to add some colour to your home.  Printed on Canson Baryta Fine Art Paper.  Please note: Posters are unframed", "size": null, "price": "16.00", "image": "gradient-rainbow.jpg"}}, {"model": "products.product", "pk": 16, "fields": {"category": 3, "sku": "gdnum16", "name": "Red Line", "description": "Stunning Gradient art to add some colour to your home.  Printed on Canson Baryta Fine Art Paper.  Please note: Posters are unframed", "size": null, "price": "16.00", "image": "gradient-red-line.jpg"}}, {"model": "products.product", "pk": 17, "fields": {"category": 3, "sku": "gdnum17", "name": "Tropical", "description": "Stunning Gradient art to add some colour to your home.  Printed on Canson Baryta Fine Art Paper.  Please note: Posters are unframed", "size": null, "price": "16.00", "image": "gradient-tropical.jpg"}}, {"model": "products.product", "pk": 18, "fields": {"category": 3, "sku": "gdnum18", "name": "Vibrant", "description": "Stunning Gradient art to add some colour to your home.  Printed on Canson Baryta Fine Art Paper.  Please note: Posters are unframed", "size": null, "price": "16.00", "image": "gradient-vibrant.jpg"}}, {"model": "products.product", "pk": 19, "fields": {"category": 4, "sku": "gcnum19", "name": "Brass", "description": "Stunning Geometric art to add some colour to your home.  Printed on Canson Baryta Fine Art Paper.  Please note: Posters are unframed", "size": null, "price": "16.00", "image": "geometric-coper.jpg"}}, {"model": "products.product", "pk": 20, "fields": {"category": 4, "sku": "gcnum20", "name": "Illusion", "description": "Stunning Geometric art to add some colour to your home.  Printed on Canson Baryta Fine Art Paper.  Please note: Posters are unframed", "size": null, "price": "16.00", "image": "geometric-illusion.jpg"}}, {"model": "products.product", "pk": 21, "fields": {"category": 4, "sku": "gcnum21", "name": "Purple", "description": "Stunning Geometric art to add some colour to your home.  Printed on Canson Baryta Fine Art Paper.  Please note: Posters are unframed", "size": null, "price": "16.00", "image": "geometric-purple.jpg"}}, {"model": "products.product", "pk": 22, "fields": {"category": 4, "sku": "gcnum22", "name": "Edges", "description": "Stunning Geometric art to add some colour to your home.  Printed on Canson Baryta Fine Art Paper.  Please note: Posters are unframed", "size": null, "price": "16.00", "image": "geometric-ryb.jpg"}}, {"model": "products.product", "pk": 23, "fields": {"category": 4, "sku": "gcnum23", "name": "Summer", "description": "Stunning Geometric art to add some colour to your home.  Printed on Canson Baryta Fine Art Paper.  Please note: Posters are unframed", "size": null, "price": "16.00", "image": "geometric-summer.jpg"}}, {"model": "products.product", "pk": 24, "fields": {"category": 5, "sku": "cenum24", "name": "Vision", "description": "Stunning Geometric art to add some colour to your home.  Printed on Canson Baryta Fine Art Paper.  Please note: Posters are unframed", "size": null, "price": "16.00", "image": "collage-eyes.jpg"}}, {"model": "products.product", "pk": 25, "fields": {"category": 5, "sku": "cenum25", "name": "Festival", "description": "Stunning Geometric art to add some colour to your home.  Printed on Canson Baryta Fine Art Paper.  Please note: Posters are unframed", "size": null, "price": "16.00", "image": "collage-festival.jpg"}}, {"model": "products.product", "pk": 26, "fields": {"category": 5, "sku": "cenum26", "name": "Touch", "description": "Stunning Geometric art to add some colour to your home.  Printed on Canson Baryta Fine Art Paper.  Please note: Posters are unframed", "size": null, "price": "16.00", "image": "collage-touch.jpg"}}, {"model": "products.product", "pk": 27, "fields": {"category": 5, "sku": "cenum27", "name": "Cherry", "description": "Stunning Geometric art to add some colour to your home.  Printed on Canson Baryta Fine Art Paper.  Please note: Posters are unframed", "size": null, "price": "16.00", "image": "collage-cherry.jpg"}}, {"model": "products.product", "pk": 28, "fields": {"category": 6, "sku": "fmnum28", "name": "Black Frame", "description": "Display your printed poster within our potrait or landscape wall hung frame.", "size": null, "price": "20.00", "image": "black-frame.jpg"}}, {"model": "products.product", "pk": 29, "fields": {"category": 6, "sku": "fmnum29", "name": "Gold Frame", "description": "Display your printed poster within our potrait or landscape wall hung frame.", "size": null, "price": "20.00", "image": "gold-frame.jpg"}}, {"model": "products.product", "pk": 30, "fields": {"category": 6, "sku": "fmnum30", "name": "Marble Frame", "description": "Display your printed poster within our potrait or landscape wall hung frame.", "size": null, "price": "20.00", "image": "marble-frame.jpg"}}, {"model": "products.product", "pk": 31, "fields": {"category": 6, "sku": "fmnum31", "name": "Rainbow Frame", "description": "Display your printed poster within our potrait or landscape wall hung frame.", "size": null, "price": "20.00", "image": "rainbow-frame.jpg"}}, {"model": "products.product", "pk": 32, "fields": {"category": 6, "sku": "fmnum32", "name": "Wood Frame", "description": "Display your printed poster within our potrait or landscape wall hung frame.", "size": null, "price": "20.00", "image": "wood-frame.jpg"}}, {"model": "products.product", "pk": 33, "fields": {"category": 7, "sku": "nanum33", "name": "The Cave", "description": "Stunning Cubism art to add some colour to your home.  Printed on Canson Baryta Fine Art Paper.  Please note: Posters are unframed", "size": null, "price": "16.00", "image": "cubism-cave.jpg"}}, {"model": "products.product", "pk": 34, "fields": {"category": 7, "sku": "nanum34", "name": "Bricks", "description": "Stunning Geometric art to add some colour to your home.  Printed on Canson Baryta Fine Art Paper.  Please note: Posters are unframed", "size": null, "price": "16.00", "image": "geometric-bricks.jpg"}}, {"model": "products.product", "pk": 35, "fields": {"category": 7, "sku": "nanum35", "name": "Multiply", "description": "Stunning Gradient art to add some colour to your home.  Printed on Canson Baryta Fine Art Paper.  Please note: Posters are unframed", "size": null, "price": "16.00", "image": "gradient-mulit-colour.jpg"}}, {"model": "products.product", "pk": 36, "fields": {"category": 7, "sku": "nanum36", "name": "Inner Bloom", "description": "Stunning Geometric art to add some colour to your home.  Printed on Canson Baryta Fine Art Paper.  Please note: Posters are unframed", "size": null, "price": "16.00", "image": "inner-bloom.jpg"}}, {"model": "products.product", "pk": 37, "fields": {"category": 7, "sku": "nanum37", "name": "Red vs Blue", "description": "Stunning Liquify art to add some colour to your home.  Printed on Canson Baryta Fine Art Paper.  Please note: Posters are unframed", "size": null, "price": "16.00", "image": "liquify-red-vs-blue.jpg"}}, {"model": "checkout.order", "pk": 3, "fields": {"order_number": "E800A5E6993445B09B9E5A41DFCC433B", "user_profile": null, "full_name": "jgjhggjhghj", "email": "test@gmail.com", "phone_number": "455655675675", "country": "ghfhfhgfhfhgf", "postcode": null, "town_or_city": "hfhfgfhfgh", "street_address1": "street_address1", "street_address2": null, "county": "fghfhfgfghf", "date": "2021-10-27T16:36:16.697Z", "delivery_cost": "0.00", "order_total": "52.00", "grand_total": "52.00", "original_bag": "", "stripe_pid": ""}}, {"model": "checkout.order", "pk": 4, "fields": {"order_number": "D3BB1B19BE6D4076BD80BD6E4FC09223", "user_profile": null, "full_name": "dfghgjhggf", "email": "test@gmail.com", "phone_number": "hkhjkhjkhjkhk", "country": "jhkhkhjjk", "postcode": null, "town_or_city": "jkhjkhjkh", "street_address1": "street_address1", "street_address2": null, "county": "hkjhkhhkk", "date": "2021-10-27T19:19:14.095Z", "delivery_cost": "3.60", "order_total": "36.00", "grand_total": "39.60", "original_bag": "", "stripe_pid": ""}}, {"model": "checkout.order", "pk": 5, "fields": {"order_number": "6871B92DC6F247F19CAEA068F7CAF088", "user_profile": null, "full_name": "hhhjgjgj", "email": "test@gmail.com", "phone_number": "765745645", "country": "US", "postcode": "ghfghfghfgh", "town_or_city": "fghfghfhf", "street_address1": "gghfghghf", "street_address2": "ghfghfghf", "county": "fghfghfgh", "date": "2021-10-28T10:18:33.394Z", "delivery_cost": "0.00", "order_total": "52.00", "grand_total": "52.00", "original_bag": "", "stripe_pid": ""}}, {"model": "checkout.order", "pk": 6, "fields": {"order_number": "D1D16C79EECB4D909AC9BB2E5F069C2C", "user_profile": null, "full_name": "Bob Ross", "email": "test@gmail.com", "phone_number": "08357284893", "country": "US", "postcode": "hjghjghjg", "town_or_city": "hjghjghj", "street_address1": "ghggyhgj", "street_address2": "ghjghjghjj", "county": "ghjghjghjg", "date": "2021-10-28T10:42:53.183Z", "delivery_cost": "3.20", "order_total": "32.00", "grand_total": "35.20", "original_bag": "", "stripe_pid": ""}}, {"model": "checkout.order", "pk": 7, "fields": {"order_number": "753C816FA86C4349BF3E4F5B7243B6AA", "user_profile": null, "full_name": "ghkgghj", "email": "test@gmail.com", "phone_number": "0987654", "country": "US", "postcode": "hgjghghj", "town_or_city": "hjghjghj", "street_address1": "ghjghghjg", "street_address2": "hghjghjg", "county": "hjghjgh", "date": "2021-10-28T12:08:25.424Z", "delivery_cost": "3.20", "order_total": "32.00", "grand_total": "35.20", "original_bag": "{\"1\": {\"items_by_size\": {\"A4\": 1}}, \"20\": {\"items_by_size\": {\"A4\": 1}}}", "stripe_pid": "pi_3JpXOGIbmIot0T9U1BHmTCNK"}}, {"model": "checkout.order", "pk": 8, "fields": {"order_number": "34BB2E22616F4F869372881661A37D89", "user_profile": null, "full_name": "ghkgghj", "email": "test@gmail.com", "phone_number": "0987654", "country": "US", "postcode": "hgjghghj", "town_or_city": "hjghjghj", "street_address1": "ghjghghjg", "street_address2": "hghjghjg", "county": "hjghjgh", "date": "2021-10-28T12:10:18.311Z", "delivery_cost": "3.20", "order_total": "32.00", "grand_total": "35.20", "original_bag": "{\"1\": {\"items_by_size\": {\"A4\": 1}}, \"20\": {\"items_by_size\": {\"A4\": 1}}}", "stripe_pid": "pi_3JpXOGIbmIot0T9U1BHmTCNK"}}, {"model": "checkout.order", "pk": 9, "fields": {"order_number": "7BDC865FA9E2488B86FF7DB7F0EA1E7B", "user_profile": null, "full_name": "ghkgghj", "email": "test@gmail.com", "phone_number": "0987654", "country": "US", "postcode": "hgjghghj", "town_or_city": "hjghjghj", "street_address1": "ghjghghjg", "street_address2": "hghjghjg", "county": "hjghjgh", "date": "2021-10-28T12:10:18.562Z", "delivery_cost": "3.20", "order_total": "32.00", "grand_total": "35.20", "original_bag": "{\"1\": {\"items_by_size\": {\"A4\": 1}}, \"20\": {\"items_by_size\": {\"A4\": 1}}}", "stripe_pid": "pi_3JpXOGIbmIot0T9U1BHmTCNK"}}, {"model": "checkout.order", "pk": 10, "fields": {"order_number": "649E88BD211B4F86B2441C0273F3C5BB", "user_profile": null, "full_name": "ghkgghj", "email": "test@gmail.com", "phone_number": "0987654", "country": "US", "postcode": "hgjghghj", "town_or_city": "hjghjghj", "street_address1": "ghjghghjg", "street_address2": "hghjghjg", "county": "hjghjgh", "date": "2021-10-28T12:10:19.558Z", "delivery_cost": "3.20", "order_total": "32.00", "grand_total": "35.20", "original_bag": "{\"1\": {\"items_by_size\": {\"A4\": 1}}, \"20\": {\"items_by_size\": {\"A4\": 1}}}", "stripe_pid": "pi_3JpXOGIbmIot0T9U1BHmTCNK"}}, {"model": "checkout.order", "pk": 11, "fields": {"order_number": "0A6EF57632EA4E92A544AC05331B14A1", "user_profile": null, "full_name": "hjkhjkkh", "email": "test@gmail.com", "phone_number": "7877988789", "country": "US", "postcode": "hjkhjkhjkhjkh", "town_or_city": "hjkhjkhjkh", "street_address1": "hhkhk", "street_address2": "hkjhjkhjkhjk", "county": "jhkhjhj", "date": "2021-10-28T12:11:27.290Z", "delivery_cost": "3.20", "order_total": "32.00", "grand_total": "35.20", "original_bag": "{\"20\": {\"items_by_size\": {\"A4\": 1}}, \"19\": {\"items_by_size\": {\"A4\": 1}}}", "stripe_pid": "pi_3JpXRPIbmIot0T9U2t8WTvd1"}}, {"model": "checkout.order", "pk": 12, "fields": {"order_number": "1BB92C69F60A4F0BA2D80B229DC35989", "user_profile": null, "full_name": "khjkhj", "email": "test@gmail.com", "phone_number": "87897897997", "country": "US", "postcode": "hjgghjgjg", "town_or_city": "hjghjghjghg", "street_address1": "hgjhjg", "street_address2": "gjhghjghjgj", "county": "hjghjgjhg", "date": "2021-10-28T12:22:55.267Z", "delivery_cost": "1.60", "order_total": "16.00", "grand_total": "17.60", "original_bag": "{\"3\": {\"items_by_size\": {\"A4\": 1}}}", "stripe_pid": "pi_3JpXcTIbmIot0T9U1b96KTfR"}}, {"model": "checkout.order", "pk": 13, "fields": {"order_number": "1663F453FD2C4E29BFDD615243B50BC3", "user_profile": 2, "full_name": "test", "email": "test@gmail.com", "phone_number": "87678686", "country": "BN", "postcode": "ghjghjghghj", "town_or_city": "hjgjghjghj", "street_address1": "khjkhhhg", "street_address2": "ghhjghjg", "county": "gjghjghjgjg", "date": "2021-10-28T23:15:05.332Z", "delivery_cost": "3.20", "order_total": "32.00", "grand_total": "35.20", "original_bag": "{\"21\": {\"items_by_size\": {\"A4\": 1}}, \"1\": {\"items_by_size\": {\"A4\": 1}}}", "stripe_pid": "pi_3JphnbIbmIot0T9U0MQMsmsG"}}, {"model": "checkout.order", "pk": 14, "fields": {"order_number": "4D97EE454CAB4CF283144BC8FDB8323A", "user_profile": 2, "full_name": "Testing Confirmation Email", "email": "test@gmail.com", "phone_number": "87678686", "country": "PF", "postcode": "ghjghjghghj", "town_or_city": "hjgjghjghj", "street_address1": "khjkhhhg", "street_address2": "ghhjghjg", "county": "gjghjghjgjg", "date": "2021-10-29T00:00:58.170Z", "delivery_cost": "4.80", "order_total": "48.00", "grand_total": "52.80", "original_bag": "{\"24\": {\"items_by_size\": {\"A4\": 1}}, \"3\": {\"items_by_size\": {\"A4\": 1}}, \"36\": {\"items_by_size\": {\"A4\": 1}}}", "stripe_pid": "pi_3JpiViIbmIot0T9U0GP2nOWo"}}, {"model": "checkout.order", "pk": 15, "fields": {"order_number": "E6DB90F48ADD458CA6B6A626A17D6FE9", "user_profile": 2, "full_name": "Tesing conf", "email": "test@gmail.com", "phone_number": "87678686", "country": "PF", "postcode": "ghjghjghghj", "town_or_city": "hjgjghjghj", "street_address1": "khjkhhhg", "street_address2": "ghhjghjg", "county": "gjghjghjgjg", "date": "2021-10-29T00:04:08.256Z", "delivery_cost": "3.20", "order_total": "32.00", "grand_total": "35.20", "original_bag": "{\"2\": {\"items_by_size\": {\"A4\": 1}}, \"34\": {\"items_by_size\": {\"A4\": 1}}}", "stripe_pid": "pi_3JpiZLIbmIot0T9U1VgCbq0U"}}, {"model": "checkout.order", "pk": 16, "fields": {"order_number": "1C29DD276A484514906CB0A78126159D", "user_profile": 2, "full_name": "test email", "email": "test@gmail.com", "phone_number": "87678686", "country": "PF", "postcode": "ghjghjghghj", "town_or_city": "hjgjghjghj", "street_address1": "khjkhhhg", "street_address2": "ghhjghjg", "county": "gjghjghjgjg", "date": "2021-10-29T00:14:10.336Z", "delivery_cost": "3.20", "order_total": "32.00", "grand_total": "35.20", "original_bag": "{\"37\": {\"items_by_size\": {\"A4\": 1}}, \"20\": {\"items_by_size\": {\"A4\": 1}}}", "stripe_pid": "pi_3JpijDIbmIot0T9U2GkUwTmb"}}, {"model": "checkout.order", "pk": 17, "fields": {"order_number": "350E9475ABF8460FB941024750E9F424", "user_profile": 2, "full_name": "test", "email": "test@gmail.com", "phone_number": "87678686", "country": "PF", "postcode": "ghjghjghghj", "town_or_city": "hjgjghjghj", "street_address1": "khjkhhhg", "street_address2": "ghhjghjg", "county": "gjghjghjgjg", "date": "2021-10-29T00:17:53.006Z", "delivery_cost": "1.60", "order_total": "16.00", "grand_total": "17.60", "original_bag": "{\"26\": {\"items_by_size\": {\"A4\": 1}}}", "stripe_pid": "pi_3JpimoIbmIot0T9U1twCKVF4"}}, {"model": "checkout.orderlineitem", "pk": 7, "fields": {"order": 3, "product": 20, "product_size": "A4", "quantity": 1, "lineitem_total": "16.00"}}, {"model": "checkout.orderlineitem", "pk": 8, "fields": {"order": 3, "product": 24, "product_size": "A4", "quantity": 1, "lineitem_total": "16.00"}}, {"model": "checkout.orderlineitem", "pk": 9, "fields": {"order": 3, "product": 32, "product_size": "A4", "quantity": 1, "lineitem_total": "20.00"}}, {"model": "checkout.orderlineitem", "pk": 10, "fields": {"order": 4, "product": 8, "product_size": "A4", "quantity": 1, "lineitem_total": "16.00"}}, {"model": "checkout.orderlineitem", "pk": 11, "fields": {"order": 4, "product": 29, "product_size": "A4", "quantity": 1, "lineitem_total": "20.00"}}, {"model": "checkout.orderlineitem", "pk": 12, "fields": {"order": 5, "product": 3, "product_size": "A4", "quantity": 1, "lineitem_total": "16.00"}}, {"model": "checkout.orderlineitem", "pk": 13, "fields": {"order": 5, "product": 29, "product_size": "A4", "quantity": 1, "lineitem_total": "20.00"}}, {"model": "checkout.orderlineitem", "pk": 14, "fields": {"order": 5, "product": 35, "product_size": "A4", "quantity": 1, "lineitem_total": "16.00"}}, {"model": "checkout.orderlineitem", "pk": 15, "fields": {"order": 6, "product": 15, "product_size": "A4", "quantity": 1, "lineitem_total": "16.00"}}, {"model": "checkout.orderlineitem", "pk": 16, "fields": {"order": 6, "product": 25, "product_size": "A4", "quantity": 1, "lineitem_total": "16.00"}}, {"model": "checkout.orderlineitem", "pk": 17, "fields": {"order": 7, "product": 1, "product_size": "A4", "quantity": 1, "lineitem_total": "16.00"}}, {"model": "checkout.orderlineitem", "pk": 18, "fields": {"order": 7, "product": 20, "product_size": "A4", "quantity": 1, "lineitem_total": "16.00"}}, {"model": "checkout.orderlineitem", "pk": 19, "fields": {"order": 8, "product": 1, "product_size": "A4", "quantity": 1, "lineitem_total": "16.00"}}, {"model": "checkout.orderlineitem", "pk": 20, "fields": {"order": 8, "product": 20, "product_size": "A4", "quantity": 1, "lineitem_total": "16.00"}}, {"model": "checkout.orderlineitem", "pk": 21, "fields": {"order": 9, "product": 1, "product_size": "A4", "quantity": 1, "lineitem_total": "16.00"}}, {"model": "checkout.orderlineitem", "pk": 22, "fields": {"order": 9, "product": 20, "product_size": "A4", "quantity": 1, "lineitem_total": "16.00"}}, {"model": "checkout.orderlineitem", "pk": 23, "fields": {"order": 10, "product": 1, "product_size": "A4", "quantity": 1, "lineitem_total": "16.00"}}, {"model": "checkout.orderlineitem", "pk": 24, "fields": {"order": 10, "product": 20, "product_size": "A4", "quantity": 1, "lineitem_total": "16.00"}}, {"model": "checkout.orderlineitem", "pk": 25, "fields": {"order": 11, "product": 20, "product_size": "A4", "quantity": 1, "lineitem_total": "16.00"}}, {"model": "checkout.orderlineitem", "pk": 26, "fields": {"order": 11, "product": 19, "product_size": "A4", "quantity": 1, "lineitem_total": "16.00"}}, {"model": "checkout.orderlineitem", "pk": 27, "fields": {"order": 12, "product": 3, "product_size": "A4", "quantity": 1, "lineitem_total": "16.00"}}, {"model": "checkout.orderlineitem", "pk": 28, "fields": {"order": 13, "product": 21, "product_size": "A4", "quantity": 1, "lineitem_total": "16.00"}}, {"model": "checkout.orderlineitem", "pk": 29, "fields": {"order": 13, "product": 1, "product_size": "A4", "quantity": 1, "lineitem_total": "16.00"}}, {"model": "checkout.orderlineitem", "pk": 30, "fields": {"order": 14, "product": 24, "product_size": "A4", "quantity": 1, "lineitem_total": "16.00"}}, {"model": "checkout.orderlineitem", "pk": 31, "fields": {"order": 14, "product": 3, "product_size": "A4", "quantity": 1, "lineitem_total": "16.00"}}, {"model": "checkout.orderlineitem", "pk": 32, "fields": {"order": 14, "product": 36, "product_size": "A4", "quantity": 1, "lineitem_total": "16.00"}}, {"model": "checkout.orderlineitem", "pk": 33, "fields": {"order": 15, "product": 2, "product_size": "A4", "quantity": 1, "lineitem_total": "16.00"}}, {"model": "checkout.orderlineitem", "pk": 34, "fields": {"order": 15, "product": 34, "product_size": "A4", "quantity": 1, "lineitem_total": "16.00"}}, {"model": "checkout.orderlineitem", "pk": 35, "fields": {"order": 16, "product": 37, "product_size": "A4", "quantity": 1, "lineitem_total": "16.00"}}, {"model": "checkout.orderlineitem", "pk": 36, "fields": {"order": 16, "product": 20, "product_size": "A4", "quantity": 1, "lineitem_total": "16.00"}}, {"model": "checkout.orderlineitem", "pk": 37, "fields": {"order": 17, "product": 26, "product_size": "A4", "quantity": 1, "lineitem_total": "16.00"}}, {"model": "profiles.userprofile", "pk": 1, "fields": {"user": 1, "default_phone_number": null, "default_street_address1": null, "default_street_address2": null, "default_town_or_city": null, "default_county": null, "default_postcode": null, "default_country": null}}, {"model": "profiles.userprofile", "pk": 2, "fields": {"user": 2, "default_phone_number": "87678686", "default_street_address1": "khjkhhhg", "default_street_address2": "ghhjghjg", "default_town_or_city": "hjgjghjghj", "default_county": "gjghjghjgjg", "default_postcode": "ghjghjghghj", "default_country": "PF"}}, {"model": "blog.post", "pk": 1, "fields": {"image": "cubism-forrest-fire_XRnqHUy.jpg", "title": "The History Of Cubism Art!", "slug": "the-history-of-cubism-art", "intro": "Cubism is an artistic movement, created by Pablo Picasso and Georges Braque, which employs geometric shapes in depictions of human and other forms. Over time, the geometric touches grew so intense that they sometimes overtook the represented forms, creating a more pure level of visual abstraction. Though the movement’s most potent era was in the early 20th Century, the ideas and techniques of Cubism influenced many creative disciplines and continue to inform experimental work.", "body": "Pablo Picasso and Georges Braque first met in 1905, but it wasn’t until 1907 that Picasso showed Braque what is considered the first Cubist painting, Les Demoiselles d’Avignon. This portrait of five prostitutes draws heavy influence from African tribal art, which Picasso had recently been exposed to at the Palais du Trocadéro, a Paris ethnographic museum.\r\n\r\nBreaking nearly every rule of traditional Western painting, the work was such a huge leap from his previous blue and pink periods, which were far more representational and emotional. Picasso was hesitant to display the work to the public, and it went unseen until 1916.\r\n\r\nBraque, who painted in the Fauvist movement, was both repelled and intrigued by the painting. Picasso worked with him privately on the implications of the piece, developing together the Cubist form. Braque is the only artist to ever collaborate with Picasso, and over a period of two years, they spent every evening together, with neither artist pronouncing a finished work until agreed on by the other.", "date_added": "2021-10-29T09:31:30.525Z"}}, {"model": "blog.post", "pk": 2, "fields": {"image": "inner-bloom_wREKRUD.jpg", "title": "The Best Digital Art Software", "slug": "the-best-digital-art-software", "intro": "Determining the best digital art software for you will depend on a number of factors. There are heaps of different programs out there, some for general-purpose art and others for specific niches like painting or manga drawing, so the best one for you will depend on the type of art you want to create.", "body": "Determining the best digital art software for you will depend on a number of factors. There are heaps of different programs out there, some for general-purpose art and others for specific niches like painting or manga drawing, so the best one for you will depend on the type of art you want to create.\r\n\r\nHere are our top 8:\r\n\r\nPhotoshop. Still number one, for many good reasons - \r\nAffinity Photo. The best alternative to Photoshop - \r\nCorel Painter 2022. Painter's annual update brings plenty of improvements - \r\nRebelle 4 - \r\nProcreate - \r\nClip Studio Paint Pro - \r\nArtweaver 7 - \r\nArtRage 6 -", "date_added": "2021-10-29T09:37:50.125Z"}}, {"model": "blog.comment", "pk": 1, "fields": {"post": 2, "name": "", "user": 1, "comment": "Hello", "date_added": "2021-10-29T16:01:17.527Z"}}, {"model": "blog.comment", "pk": 2, "fields": {"post": 2, "name": "", "user": 1, "comment": "Goodbye", "date_added": "2021-10-29T16:02:35.112Z"}}, {"model": "blog.comment", "pk": 3, "fields": {"post": 2, "name": "", "user": 1, "comment": "Interesting", "date_added": "2021-10-29T16:04:37.901Z"}}]